IT,키워드
IT,통신
IT,통신기술
IT,텔레콤
IT,테스터 검증
IT,컨텐츠관리
IT,조사
IT,분석
IT,통계
IT,시스템트레이딩
IT,금융공학
IT,데이터분석
IT,네트워크
IT,네트워크 구축
IT,네트워크 엔지니어
IT,개발
IT,보안
IT,인증서버
IT,소프트웨어개발
IT,모바일앱개발
IT,모바일
IT,Phone
IT,WindowsMobile
IT,모바일App
IT,스마트폰
IT,아이폰
IT,안드로이드
IT,Application
IT,어플리케이션
IT,Windows
IT,Unix
IT,Linux
IT,Java
IT,응용프로그래머
IT,VisualC
IT,VisualC++
IT,VisualBasicCC++
IT,.NET
IT,C#
IT,VB.NET
IT,ASP
IT,MES
IT,php
IT,MFC
IT,WAS
IT,서버관리자
IT,시스템운영
IT,VoIP
IT,IPT
IT,네트워크관리
IT,서버구축
IT,CCNA
IT,CCNP
IT,시스템운영
IT,시스템프로그래머
IT,웹프로그래머
IT,IDC
IT,정보통신
IT,전자통신
IT,네트워크엔지니어
IT,웹디자인
IT,포토샵
IT,HTML
IT,자바스크립트
IT,javascript
IT,일러스트레이터
IT,편집디자이너
IT,방화벽
IT,정보보안
IT,LAN
IT,데이터베이스
IT,Cisco
IT,Cisco 시스템엔지니어
IT,시스템엔지니어
IT,백신프로그램
IT,하드웨어
IT,마이크로프로세서
IT,펌웨어
IT,PCB
IT,임베디드
IT,DSP
IT,Micom
IT,PADS
IT,OrCAD
IT,Analog
IT,Digital
IT,S/W
IT,인공지능
IT,머신러닝
IT,빅데이터
IT,딥러닝
IT,머하웃
IT,AI
IT,Mahout
IT,Apache
IT,Spark
IT,Apache Spark
IT,하둡
IT,hadoop
IT,Ruby
IT,dJango
IT,Ruby on Rails
IT,Python
IT,NoSQL
IT,MySQL
IT,MSSQL
IT,Oracle
IT,DynamoDB
IT,Azure
IT,Cloud
IT,클라우드
IT,VR
IT,가상현실
IT,AR
IT,증강현실
IT,Hololens
IT,로봇
IT,API
IT,jQuery
IT,AWS
IT,appengine
IT,구글앱엔진
IT,NginX
IT,tomcat
IT,Algoritm
IT,다익스트라
IT,Dijkstra
IT,드론
IT,VPN
IT,Router
IT,Switch
IT,라우터
IT,스위치
IT,RJ45
IT,Atmega
IT,Lambda
IT,Spring
IT,CloudWatch
IT,git
IT,github
IT,MariaDB
IT,gitblit
IT,gitbucket
IT,Cygwin
IT,Ubuntu
IT,CentOS
IT,해킹
IT,Hackerthon
IT,kali
IT,보안
IT,BackTrack
IT,btr5
IT,ethernet
IT,Vlan
IT,XML
IT,JSON
IT,해커톤
IT,화이트해커
IT,Hold Security
IT,IoT
IT,사물인터넷
IT,PaaS
IT,SaaS
IT,IaaS
IT,CISSP
IT,SCJP
IT,OCJP
IT,알파고
IT,딥마인드
IT,구글X
IT,GoogleX
IT,eclipse
IT,VisualStudio
IT,AndroidStudio
IT,안드로이드스튜디오
IT,Watson
IT,왓슨
IT,Atom
IT,putty
IT,IntelliJ
IT,CLR
IT,EC2
IT,RDS
IT,chatbot
IT,push notification
IT,모바일 푸시
IT,미디어 스트리밍
IT,Active Directory
IT,VMWare
IT,가상머신
IT,VirtualBox
IT,bs4
IT,Beautifulsoup
IT,RSS
IT,feedparser
IT,linked list
IT,hackerrank
IT,Redhat
IT,Jenkins
IT,Wireshark
IT,TCP
IT,UDP
IT,OSI7
IT,Bluetooth
IT,Trello
IT,QUIC
IT,TLS
IT,SSL
IT,NBNS
IT,SSDP
IT,ARP
IT,ICMP
IT,DHCP
IT,DNS
IT,Epoch
IT,DSCP
IT,ECN
IT,telnet
IT,SSH
IT,Payload
IT,LLMNR
IT,GeoIP
IT,TTL
IT,Time to live
IT,ECT
IT,SYN
IT,FIN
IT,ACK
IT,PacketTracer
IT,POP3
IT,SMTP
IT,FTP
IT,Bracket
IT,RFC
IT,오픈소스
IT,opensource
IT,libpcap
IT,CaseStudy
IT,소프트웨어공학
IT,Agile
IT,waterfall
IT,Forensic
IT,포렌식
IT,리버스엔지니어링
IT,pcap
IT,scapy
IT,winpcap
IT,editcap
IT,스페이스X
IT,SAP
IT,코드게이트
IT,Adobe
IT,핀테크
IT,랜섬웨어
IT,암호화
IT,복호화
IT,Angler
IT,카스퍼스키랩
IT,핵티비스트
IT,UTM
IT,KISA
IT,DBMS
IT,서버호스팅
IT,ICT
IT,데미스 하사비스
IT,공간지능
IT,시리
IT,코타나
IT,S보이스
IT,Tensor Flow
IT,텐소플로우
