사회,GDP
사회,GNP
사회,GDI
사회,GNI
사회,CPI
사회,성장률
사회,경제성장률
사회,인플레이션
사회,환율
사회,이자율
사회,금리
사회,기준금리
사회,변동금리
사회,양도성예금
사회,SWOT
사회,MBA
사회,M&A
사회,금융
사회,증권
사회,부동산
사회,구조조정
사회,양적완화
사회,코스닥
사회,코스피
사회,나스닥
사회,외환위기
사회,금융위기
사회,스태그플레이션
사회,연방준비제도
사회,FOMC
사회,ETF
사회,증시
사회,MMF
사회,고금리
사회,회사채
사회,정크본드
사회,평균소비성향
사회,한계소비성향
사회,OPEC
사회,주택담보대출
사회,모기지
사회,IMF
사회,유동성
사회,한국거래소
사회,유가증권시장
사회,당기순익
사회,양극화
사회,코스피지수
사회,매매동향
사회,시세차익
사회,환차익
사회,회계감사
사회,상장사
사회,시가총액
사회,파생결합증권
사회,금리인상
사회,금리인하
사회,국채수익률
사회,화사채펀드
사회,국채금리
사회,배당수익률
사회,배당성향
사회,자기자본이익
사회,총자산이익률
사회,해외영업
사회,사단법인
사회,기획
사회,사업기획
사회,무역
사회,마케팅
사회,해외마케팅
사회,홍보
사회,언론홍보
사회,기자
사회,신문기자
사회,잡지기자
사회,취재기자
사회,편집기자
사회,인터넷기자
사회,작가
사회,경리
사회,재무
사회,마케팅기획
사회,생산관리
사회,품질관리
사회,품질보증
사회,국내영업
사회,품질경영
사회,사무
사회,경영기획
사회,회계
사회,관리회계
사회,원가회계
사회,재무회계
사회,물류
사회,물류관리
사회,총무
사회,문서관리
사회,인사
사회,사무관리
사회,임금관리
사회,전산회계
사회,수출입무역
사회,자재관리
사회,시장분석
사회,상품기획
사회,CRM
사회,OPEC
사회,주택담보대출
사회,모기지
사회,IMF
사회,유동성
사회,누진제
사회,지주회사
사회,자회사
사회,구조조정
