경제,CPI
경제,CRM
경제,ELS
경제,ETF
경제,ETN
경제,EU
경제,F&B
경제,FOMC
경제,FRB
경제,FTA
경제,G20
경제,G7
경제,GDI
경제,GDP
경제,GDP디플레이터
경제,GNI
경제,GNP
경제,IBK하나은행
경제,IMF
경제,ISA
경제,KDB산업은행
경제,KDI
경제,M&A
경제,MBA
경제,MMF
경제,MSCI
경제,OECD
경제,OPEC
경제,PPI
경제,SC은행
경제,SWOT
경제,WTI
경제,가계부채
경제,가처분 신청
경제,개인종합자산관리계좌
경제,경남은행
경제,경리
경제,경영기획
경제,경제성장률
경제,경제지표
경제,경제협력개발기구
경제,고객관계관리
경제,고금리
경제,공공기관
경제,공공임대
경제,공급과잉
경제,공정거래위원회
경제,공정위
경제,공정위원장
경제,관리회계
경제,광주은행
경제,교직원
경제,구조개선
경제,구조조정
경제,국내영업
경제,국내총생산
경제,국내총소득
경제,국민은행
경제,국민총생산
경제,국민총소득
경제,국제유가
경제,국제통화기금
경제,국채금리
경제,국채수익률
경제,규제개혁위원회
경제,금리
경제,금리인상
경제,금리인하
경제,금융
경제,금융공공기관
경제,금융위기
경제,기자
경제,기준금리
경제,기획
경제,나스닥
경제,내수
경제,농협중앙회
경제,누진제
경제,뉴욕증시
경제,달러
경제,달러당
경제,달러화
경제,담합
경제,당기순익
경제,대구은행
경제,대주주
경제,마케팅
경제,마케팅기획
경제,매매동향
경제,머니마켓펀드
경제,모건스탠리캐피널인터내셔널지수
경제,모기지
경제,무역
경제,무역영어
경제,문서관리
경제,물류
경제,물류관리
경제,배당성향
경제,배당수익률
경제,백화점
경제,법인세
경제,변동금리
경제,보호무역
경제,부동산
경제,부산은행
경제,부실기업
경제,부실채권
경제,부채
경제,불황
경제,비은행권
경제,비정규직
경제,사단법인
경제,사립대학
경제,사무
경제,사무관리
경제,사업기획
경제,상장사
경제,상장지수채권
경제,상장지수펀드
경제,상품기획
경제,생산관리
경제,생산자물가지수
경제,석유산업
경제,석유수출국기구
경제,석유파동
경제,성과연봉제
경제,성장률
경제,세무
경제,소비
경제,소비성향
경제,소비심리
경제,소비자물가지수
경제,소비자심리
경제,수수료
경제,수입
경제,수출
경제,수출입무역
경제,수출입물가지수
경제,수출입은행
경제,수협
경제,순이익
경제,스태그플레이션
경제,시가총액
경제,시세차익
경제,시장분석
경제,시중은행
경제,신문기자
경제,신한은행
경제,씨티은행
경제,액면분할
경제,양극화
경제,양도성예금
경제,양적완화
경제,언론홍보
경제,연구원
경제,연방공개시장위원회
경제,연방준비제도
경제,연방준비제도이사회
경제,오일달러
경제,외한은행
경제,외환
경제,외환위기
경제,우리은행
경제,원가회계
경제,월세
경제,위안화
경제,유가증권시장
경제,유동성
경제,유럽연합
경제,유통
경제,은행
경제,이자율
경제,인사
경제,인수합병
경제,인터넷기자
경제,인프라
경제,인플레이션
경제,임금관리
경제,임대주택
경제,자금조달
경제,자기자본이익
경제,자유무역협정
경제,자재관리
경제,자회사
경제,작가
경제,잡지기자
경제,재무
경제,재무회계
경제,저금리
경제,전략 
경제,전북은행
경제,전산회계
경제,전세
경제,전셋값
경제,정규직
경제,정크본드
경제,제주은행
경제,조이자
경제,주가연계증권
경제,주거종합계획
경제,주식
경제,주택담보대출
경제,증권
경제,증권거래소
경제,증시
경제,지주회사
경제,채권
경제,채권은행
경제,총무
경제,총자산이익률
경제,취재기자
경제,코스닥
경제,코스피
경제,코스피지수
경제,탄소배출권
경제,투기
경제,파생결합증권
경제,펀드
경제,편집기자
경제,평균소득
경제,평균소비성향
경제,품질경영
경제,품질관리
경제,품질보증
경제,풍선효과
경제,한계소비성향
경제,한국개발연구원
경제,한국거래소
경제,해외마케팅
경제,해외영업
경제,호텔
경제,홍보
경제,화사채펀드
경제,환율
경제,환차익
경제,회계
경제,회계감사
경제,회사채
경제,퇴직
경제,퇴직금
경제,공매도
경제,연금계좌
경제,개성공단기업
경제,산업부
경제,매수
경제,금값
경제,금
경제,광공업생산
경제,광공업
경제,증세
경제,법정관리
경제,GMO
경제,PPL
경제,매출채권
경제,재고자산
경제,전환청구서
경제,대차거래
경제,시장세분화
경제,영업이익률
경제,과세표준
경제,개인정보보호법
경제,CFO
경제,종합소득세
경제,양도소득세
경제,평가절하
경제,매출액
경제,정기예금
경제,퇴직연금제도
경제,경상이익
경제,ATM
경제,현금자동입출금기
경제,자동금융거래단말기
경제,완전경쟁시장
경제,병역특례제도
경제,감가상각
경제,IPO
경제,수익
경제,신용등급
경제,저당권
경제,저당
경제,외부효과
경제,인적자원
경제,오프라인
경제,본원통화
경제,선도거래
경제,FOB
경제,디플레이션
경제,채무보증
경제,가처분소득
경제,유동자산
경제,틈새시장
경제,니치
경제,파급효과
경제,KD
경제,자연실업률
경제,기대수익률
경제,피구효과
경제,명목금리
경제,가격경쟁
경제,가격결정회의
경제,가격구성
경제,가격대
경제,가격분석
경제,가격선
경제,가격신축성
경제,가격표시제
경제,가격할인제
경제,가격효과
경제,가결산
경제,가계
경제,가동률
경제,가구소비실태조사
경제,가구주
경제,가산세
경제,가압류
경제,가처분
경제,간접세
경제,직접세
경제,감리
경제,감리위원회
경제,감사
경제,감사위원회
경제,개인소득
경제,거래량
경제,거시적 분석
경제,거시경제지표
경제,결산시세
경제,결산
경제,결제
경제,결제기관
경제,결제개금
경제,결제수수료
경제,경기동향지수
경제,경기순환
경제,경기실사지수
경제,경기지표
경제,경기정책
경제,경상거래
경제,공개시장운영
경제,공공자금
경제,교역조건
